{
  "name": "DS-Lab5",
  "dockerComposeFile": "compose.yml",
  "service": "jupyter",
  "workspaceFolder": "/home/jovyan/work",
  "remoteUser": "jovyan",
  "customizations": {
    "vscode": {
      "extensions": [
        "ms-python.python",
        "ms-python.vscode-pylance",
        "ms-toolsai.jupyter",
        "Codeium.codeium",
        "ms-azuretools.vscode-docker",
        "ms-vscode-remote.remote-containers",
        "ms-python.flake8",
        "eamodio.gitlens"
      ],
      "settings": {
        "editor.tabSize": 2,
        "python.defaultInterpreterPath": "/opt/conda/bin/python",
        "python.linting.flake8Enabled": true,
        "python.linting.enabled": true,
        "editor.formatOnSave": true,
        "python.formatting.provider": "black"
      }
    }
  }
}