{
  "name": "avex_local",
  "dockerComposeFile": "compose.yml",
  "service": "src",
  "workspaceFolder": "/home/jovyan/work",
  "remoteUser": "jovyan",
  "customizations": {
    "vscode": {
      "extensions": [
        "ms-python.python",
        "ms-python.vscode-pylance",
        "ms-toolsai.jupyter",
        "ms-azuretools.vscode-docker",
        "ms-vscode-remote.remote-containers",
        "eamodio.gitlens",
        "angelenelm.animal-crossing-vscode-icon-theme",
        "mosapride.zenkaku",
        "aminer.codegeex",
        "sourcegraph.cody-ai",
        "usernamehw.errorlens",
        "igorsbitnev.error-gutters",
        "google.geminicodeassist",
        "github.copilot",
        "github.copilot-chat",
        "github.vscode-pull-request-github",
        "github.remotehub",
        "alefragnani.project-manager"
      ],
      "settings": {
        "editor.tabSize": 2,
        "python.defaultInterpreterPath": "/opt/conda/bin/python",
        "python.linting.flake8Enabled": true,
        "python.linting.enabled": true,
        "editor.formatOnSave": true,
        "python.formatting.provider": "black"
      }
    }
  }
}