{
  "name": "clawing",
  "dockerComposeFile": "compose.yml",
  "service": "src",
  "workspaceFolder": "/home/lonebula/workspace",
  "remoteUser": "root",
  "customizations": {
    "vscode": {
      "extensions": [
        "ms-python.python",
        "ms-python.vscode-pylance",
        "ms-toolsai.jupyter",
        "ms-azuretools.vscode-docker",
        "ms-vscode-remote.remote-containers",
        "ms-python.flake8",
        "eamodio.gitlens",
        "angelenelm.animal-crossing-vscode-icon-theme",
        "ainity.smartaic",
        "saoudrizwan.claude-dev",
        "anysphere.pyright",
        "formulahendry.docker-explorer",
        "cardinal90.multi-cursor-case-preserve",
        "ritwickdey.livese",
        "ms-vsliveshare.vsl",
        "mechatroner.rainbow-csv",
        "ms-vscode-remote.remote-ssh",
        "mosapride.zenkaku",
        "ms-vscode-remote.remote-wsl",
        "ainity.smartaicoder",
        "njpwerner.autodocstring",
        "ms-vscode.azure-repos",
        "aaron-bond.better-comments",
        "ms-vscode.cpptools",
        "aminer.codegeex",
        "sourcegraph.cody-ai",
        "ms-azuretools.vscode-containers",
        "cweijan.vscode-database-client2",
        "usernamehw.errorlens",
        "igorsbitnev.error-gutters",
        "google.geminicodeassist",
        "mhutchie.git-graph",
        "figstack.vsc",
        "jamesmaj.easy-icons",
        "donjayamanne.githistory",
        "vsls-contrib.gitdoc",
        "github.copilot",
        "github.copilot-chat",
        "github.vscode-pull-request-github",
        "github.remotehub",
        "wix.vscode-import-cost",
        "oderwat.indent-rainbow",
        "visualstudioexptteam.vscodeintellicode",
        "ms-vsliveshare.vsliveshare",
        "ms-vscode.live-server",
        "ritwickdey.liveserver",
        "christian-kohler.path-intellisense",
        "johnpapa.vscode-peacock",
        "phind.phind",
        "alefragnani.project-manager",
        "reditorsupport.r",
        "rdebugger.r-debugger"
      ],
      "settings": {
        "editor.tabSize": 2,
        "python.defaultInterpreterPath": "/opt/conda/bin/python",
        "python.linting.flake8Enabled": true,
        "python.linting.enabled": true,
        "editor.formatOnSave": true,
        "python.formatting.provider": "black"
      }
    }
  }
}